,Label,Precision,Recall,F-Measure,lable in Data,lable in Test Data,TP,FP,FN,TN,Test Count
0,LI1,0.7647920348578244,0.7962092760622173,0.7781484830947442,348,34.8,27.7,8.5,7.1,23.3,66.6
1,CM,0.7495773141950002,1.0,0.8544830346570362,295,29.5,29.5,9.7,0.0,27.4,66.6
2,main,0.01628354138766478,0.019314078237228145,0.017555177610234195,0,0.0,0.0,0.0,0.0,0.0,0.0
3,MM8,0.0,0.0,0.0,8,0.8,0.0,0.0,0.8,65.8,66.6
4,PB1,0.0,0.0,0.0,6,0.6,0.0,0.0,0.6,66.0,66.6
5,OTHER,0.0,0.0,0.0,27,2.7,0.0,0.0,2.7,63.9,66.6
6,O1,0.0,0.0,0.0,1,0.1,0.0,0.0,0.1,66.5,66.6
7,NB5,0.0,0.0,0.0,4,0.4,0.0,0.0,0.4,66.2,66.6
8,NB4,0.0,0.0,0.0,1,0.1,0.0,0.0,0.1,66.5,66.6
9,NB3,0.0,0.0,0.0,3,0.3,0.0,0.0,0.3,66.3,66.6
10,NB1,0.0,0.0,0.0,21,2.1,0.0,0.0,2.1,64.5,66.6
11,N1,0.0,0.0,0.0,1,0.1,0.0,0.0,0.1,66.5,66.6
12,MM9,0.0,0.0,0.0,15,1.5,0.0,0.0,1.5,65.1,66.6
13,MM7,0.0,0.0,0.0,24,2.4,0.0,0.0,2.4,64.2,66.6
14,PN1,0.0,0.0,0.0,1,0.1,0.0,0.0,0.1,66.5,66.6
15,MM6,0.0,0.0,0.0,20,2.0,0.0,0.0,2.0,64.6,66.6
16,MM5,0.0,0.0,0.0,18,1.8,0.0,0.0,1.8,64.8,66.6
17,MM4,0.0,0.0,0.0,14,1.4,0.0,0.0,1.4,65.2,66.6
18,MM3,0.0,0.0,0.0,8,0.8,0.0,0.0,0.8,65.8,66.6
19,MM2,0.0,0.0,0.0,6,0.6,0.0,0.0,0.6,66.0,66.6
20,MM1,0.0,0.0,0.0,32,3.2,0.0,0.0,3.2,63.4,66.6
21,LL2,0.0,0.0,0.0,1,0.1,0.0,0.0,0.1,66.5,66.6
22,LL1,0.0,0.0,0.0,5,0.5,0.0,0.0,0.5,66.1,66.6
23,PB6,0.0,0.0,0.0,6,0.6,0.0,0.0,0.6,66.0,66.6
24,PN6,0.0,0.0,0.0,1,0.1,0.0,0.0,0.1,66.5,66.6
25,LI2,0.0,0.0,0.0,72,7.2,0.0,0.0,7.2,59.4,66.6
26,SS2,0.0,0.0,0.0,2,0.2,0.0,0.0,0.2,66.4,66.6
27,W2,0.0,0.0,0.0,3,0.3,0.0,0.0,0.3,66.3,66.6
28,W1,0.0,0.0,0.0,4,0.4,0.0,0.0,0.4,66.2,66.6
29,T3,0.0,0.0,0.0,20,2.0,0.0,0.0,2.0,64.6,66.6
30,T2,0.0,0.0,0.0,4,0.4,0.0,0.0,0.4,66.2,66.6
31,T1,0.0,0.0,0.0,16,1.6,0.0,0.0,1.6,65.0,66.6
32,SS9,0.0,0.0,0.0,4,0.4,0.0,0.0,0.4,66.2,66.6
33,SS8,0.0,0.0,0.0,2,0.2,0.0,0.0,0.2,66.4,66.6
34,SS6,0.0,0.0,0.0,1,0.1,0.0,0.0,0.1,66.5,66.6
35,SS4,0.0,0.0,0.0,1,0.1,0.0,0.0,0.1,66.5,66.6
36,SS1,0.0,0.0,0.0,3,0.3,0.0,0.0,0.3,66.3,66.6
37,R4,0.0,0.0,0.0,1,0.1,0.0,0.0,0.1,66.5,66.6
38,SP4,0.0,0.0,0.0,8,0.8,0.0,0.0,0.8,65.8,66.6
39,SP3,0.0,0.0,0.0,1,0.1,0.0,0.0,0.1,66.5,66.6
40,SP2,0.0,0.0,0.0,10,1.0,0.0,0.0,1.0,65.6,66.6
41,SP1,0.0,0.0,0.0,89,8.9,0.0,0.0,8.9,57.7,66.6
42,SA1,0.0,0.0,0.0,2,0.2,0.0,0.0,0.2,66.4,66.6
43,S2,0.0,0.0,0.0,1,0.1,0.0,0.0,0.1,66.5,66.6
44,RD7,0.0,0.0,0.0,1,0.1,0.0,0.0,0.1,66.5,66.6
45,RD2,0.0,0.0,0.0,1,0.1,0.0,0.0,0.1,66.5,66.6
46,RD1,0.0,0.0,0.0,2,0.2,0.0,0.0,0.2,66.4,66.6
47,LITERACY,0.0,0.0,0.0,2,0.2,0.0,0.0,0.2,66.4,66.6
48,LI1F2,0.0,0.0,0.0,1,0.1,0.0,0.0,0.1,66.5,66.6
49,AP1,0.0,0.0,0.0,2,0.2,0.0,0.0,0.2,66.4,66.6
50,F6,0.0,0.0,0.0,10,1.0,0.0,0.0,1.0,65.6,66.6
51,F3,0.0,0.0,0.0,9,0.9,0.0,0.0,0.9,65.7,66.6
52,F2,0.0,0.0,0.0,53,5.3,0.0,0.0,5.3,61.3,66.6
53,F1,0.0,0.0,0.0,149,14.9,0.0,0.0,14.9,51.7,66.6
54,E1,0.0,0.0,0.0,1,0.1,0.0,0.0,0.1,66.5,66.6
55,D3,0.0,0.0,0.0,4,0.4,0.0,0.0,0.4,66.2,66.6
56,D2,0.0,0.0,0.0,10,1.0,0.0,0.0,1.0,65.6,66.6
57,CP5,0.0,0.0,0.0,35,3.5,0.0,0.0,3.5,63.1,66.6
58,CP4,0.0,0.0,0.0,12,1.2,0.0,0.0,1.2,65.4,66.6
59,CP2,0.0,0.0,0.0,12,1.2,0.0,0.0,1.2,65.4,66.6
60,CP1,0.0,0.0,0.0,18,1.8,0.0,0.0,1.8,64.8,66.6
61,CM1,0.0,0.0,0.0,3,0.3,0.0,0.0,0.3,66.3,66.6
62,CC4,0.0,0.0,0.0,4,0.4,0.0,0.0,0.4,66.2,66.6
63,CC3,0.0,0.0,0.0,3,0.3,0.0,0.0,0.3,66.3,66.6
64,CC2,0.0,0.0,0.0,1,0.1,0.0,0.0,0.1,66.5,66.6
65,CC1,0.0,0.0,0.0,4,0.4,0.0,0.0,0.4,66.2,66.6
66,C1,0.0,0.0,0.0,1,0.1,0.0,0.0,0.1,66.5,66.6
67,AR9,0.0,0.0,0.0,1,0.1,0.0,0.0,0.1,66.5,66.6
68,AP3,0.0,0.0,0.0,5,0.5,0.0,0.0,0.5,66.1,66.6
69,AP2,0.0,0.0,0.0,3,0.3,0.0,0.0,0.3,66.3,66.6
70,F4,0.0,0.0,0.0,1,0.1,0.0,0.0,0.1,66.5,66.6
71,FC1,0.0,0.0,0.0,1,0.1,0.0,0.0,0.1,66.5,66.6
72,L7,0.0,0.0,0.0,1,0.1,0.0,0.0,0.1,66.5,66.6
73,FP1,0.0,0.0,0.0,20,2.0,0.0,0.0,2.0,64.6,66.6
74,L3,0.0,0.0,0.0,1,0.1,0.0,0.0,0.1,66.5,66.6
75,L2,0.0,0.0,0.0,82,8.2,0.0,0.0,8.2,58.4,66.6
76,L12,0.0,0.0,0.0,7,0.7,0.0,0.0,0.7,65.9,66.6
77,L1,0.0,0.0,0.0,23,2.3,0.0,0.0,2.3,64.3,66.6
78,I8,0.0,0.0,0.0,22,2.2,0.0,0.0,2.2,64.4,66.6
79,I7,0.0,0.0,0.0,34,3.4,0.0,0.0,3.4,63.2,66.6
80,I6,0.0,0.0,0.0,40,4.0,0.0,0.0,4.0,62.6,66.6
81,I5,0.0,0.0,0.0,17,1.7,0.0,0.0,1.7,64.9,66.6
82,I3,0.0,0.0,0.0,10,1.0,0.0,0.0,1.0,65.6,66.6
83,I2,0.0,0.0,0.0,2,0.2,0.0,0.0,0.2,66.4,66.6
84,I1,0.0,0.0,0.0,177,17.7,0.0,0.1,17.7,48.8,66.6
85,H3,0.0,0.0,0.0,2,0.2,0.0,0.0,0.2,66.4,66.6
86,H2,0.0,0.0,0.0,5,0.5,0.0,0.0,0.5,66.1,66.6
87,H1,0.0,0.0,0.0,1,0.1,0.0,0.0,0.1,66.5,66.6
88,FP6,0.0,0.0,0.0,14,1.4,0.0,0.0,1.4,65.2,66.6
89,FP5,0.0,0.0,0.0,34,3.4,0.0,0.0,3.4,63.2,66.6
90,FP4,0.0,0.0,0.0,2,0.2,0.0,0.0,0.2,66.4,66.6
91,FP3,0.0,0.0,0.0,4,0.4,0.0,0.0,0.4,66.2,66.6
92,FP2,0.0,0.0,0.0,15,1.5,0.0,0.0,1.5,65.1,66.6
93,W3,0.0,0.0,0.0,1,0.1,0.0,0.0,0.1,66.5,66.6
